{
  "project_info": {
    "project_number": "340401704406",
    "firebase_url": "https://medical-advisor-app-default-rtdb.firebaseio.com",
    "project_id": "medical-advisor-app",
    "storage_bucket": "medical-advisor-app.appspot.com"
  },
  "client": [
    {
      "client_info": {
        "mobilesdk_app_id": "1:340401704406:android:e4bde1086cb3893a6ea877",
        "android_client_info": {
          "package_name": "com.example.medicaladvisorapp"
        }
      },
      "oauth_client": [
        {
          "client_id": "340401704406-4i683gnm6dtqpu0s1frk7n0cgjaepp9m.apps.googleusercontent.com",
          "client_type": 3
        }
      ],
      "api_key": [
        {
          "current_key": "AIzaSyBcCbyLMyt_5f-jaEtLWMZ4JCAZ4IlfJ5I"
        }
      ],
      "services": {
        "appinvite_service": {
          "other_platform_oauth_client": [
            {
              "client_id": "340401704406-4i683gnm6dtqpu0s1frk7n0cgjaepp9m.apps.googleusercontent.com",
              "client_type": 3
            }
          ]
        }
      }
    }
  ],
  "configuration_version": "1"
}